Komoditas,Luas Panen Padi,GKP Tingkat Petani,GKP Tingkat Penggilingan,GKG Tingkat Penggilingan,Ratarata Beras Penggilingan,Stok GKG Tingkat Penggilingan,Stok Beras Tingkat Penggilingan,Beras,UMP,BBM Solar,quantity
2021-03-15,10,4000,4150,5050,9465,20,10,11200,1810351,9600,113151
2021-03-16,10,3850,4100,4740,9360,70,20,11200,1810351,9600,113151
2021-03-17,10,4160,4230,4950,9400,30,10,11200,1810351,9600,113151
2021-03-18,10,4120,4190,4730,9340,40,10,11200,1810351,9600,113151
2021-03-19,10,4190,4290,4990,9410,40,10,11200,1810351,9600,113151
2021-03-22,10,4060,4170,4910,9360,60,10,11200,1810351,9600,113151
2021-03-23,20,4060,4170,4770,9350,70,40,11200,1810351,9600,113151
2021-03-24,40,3990,4120,4810,9165,90,50,11200,1810351,9600,113151
2021-03-25,40,3990,4120,4870,9215,90,40,11200,1810351,9600,113151
2021-03-26,50,3950,4120,4850,9375,30,20,11200,1810351,9600,113151
2021-03-29,70,4010,4170,4890,9440,20,10,11200,1810351,9600,113151
2021-03-30,50,3850,4070,4760,9155,150,50,11200,1810351,9600,113151
2021-03-31,50,3850,4100,4760,9120,60,40,11200,1810351,9600,113151
2021-04-01,50,3930,4140,4830,9295,40,20,11200,1810351,9600,113151
2021-04-05,60,3970,4220,4850,9155,30,20,11200,1810351,9600,113151
2021-04-06,60,4040,4240,4830,9255,30,10,11200,1810351,9600,113151
2021-04-07,60,3970,4200,4820,9245,40,20,11200,1810351,9600,113151
2021-04-08,60,3970,4200,4830,9245,40,20,11200,1810351,9600,113151
2021-04-09,70,3970,4260,4840,9230,50,20,11200,1810351,9600,113151
2021-04-12,60,3970,4200,4830,9230,30,10,11200,1810351,9600,113151
2021-04-13,50,3920,4170,4770,9240,70,20,11200,1810351,9600,113151
2021-04-14,60,3980,4240,4850,9290,70,40,11200,1810351,9600,113151
2021-04-15,60,3980,4260,4860,9290,60,30,11200,1810351,9600,113151
2021-04-16,70,4050,4250,4970,9455,20,10,11200,1810351,9600,113151
2021-04-19,80,4020,4300,4900,9355,40,20,11200,1810351,9600,113151
2021-04-20,80,4020,4450,4940,9400,40,20,11200,1810351,9600,113151
2021-04-21,80,4020,4450,4950,9400,40,20,11200,1810351,9600,113151
2021-04-22,80,4100,4490,4970,9360,40,10,11200,1810351,9600,113151
2021-04-23,80,4000,4370,4800,9320,80,40,11200,1810351,9600,113151
2021-04-26,80,3980,4260,4830,9345,40,20,11200,1810351,9600,113151
2021-04-27,70,4120,4370,4960,9195,70,30,11200,1810351,9600,113151
2021-04-28,70,4100,4350,4980,9280,60,30,11200,1810351,9600,113151
2021-04-29,70,4100,4350,4990,9265,60,20,11200,1810351,9600,113151
2021-04-30,70,4100,4350,4980,9195,70,30,11200,1810351,9600,113151
2021-05-03,70,4320,4450,4970,9265,50,20,11200,1810351,9600,113151
2021-05-04,80,4170,4360,4930,9395,50,20,11200,1810351,9600,113151
2021-05-05,80,4240,4390,4980,9365,50,20,11200,1810351,9600,113151
2021-05-06,80,4200,4360,4930,9290,40,20,11200,1810351,9600,113151
2021-05-07,80,4260,4400,4970,9285,70,20,11200,1810351,9600,113151
2021-05-10,70,4010,4230,4910,9365,40,20,11200,1810351,9600,113151
2021-05-11,60,4050,4200,4940,9470,60,50,11200,1810351,9600,113151
2021-05-17,70,4250,4380,5070,9510,40,20,11200,1810351,9600,113151
2021-05-18,70,4080,4300,4970,9505,40,20,11200,1810351,9600,113151
2021-05-19,70,4070,4270,5010,9460,50,20,11200,1810351,9600,113151
2021-05-20,80,4110,4290,4960,9505,30,10,11200,1810351,9600,113151
2021-05-21,80,4020,4210,5000,9330,40,20,11200,1810351,9600,113151
2021-05-24,80,4060,4250,4940,9525,30,10,11200,1810351,9600,113151
2021-05-25,80,4340,4430,5100,9560,90,30,11200,1810351,9600,113151
2021-05-27,80,4160,4290,5040,9470,50,20,11200,1810351,9600,113151
2021-05-28,80,4120,4300,5010,9530,70,30,11200,1810351,9600,113151
2021-05-31,80,4140,4310,4980,9545,40,20,11200,1810351,9600,113151
2021-06-02,80,4100,4330,4960,9430,50,20,11200,1810351,9600,113151
2021-06-03,90,4150,4300,4970,9525,40,20,11200,1810351,9600,113151
2021-06-04,80,4130,4320,4970,9435,80,30,11200,1810351,9600,113151
2021-06-07,80,4160,4320,4960,9300,50,20,11200,1810351,9600,113151
2021-06-08,90,4180,4310,4990,9445,70,30,11200,1810351,9600,113151
2021-06-09,90,4160,4300,4960,9415,60,30,11200,1810351,9600,113151
2021-06-10,90,4130,4280,4900,9425,50,20,11200,1810351,9600,113151
2021-06-11,90,4130,4280,4970,9390,50,20,11200,1810351,9600,113151
2021-06-14,30,4110,4290,5010,9440,60,20,11200,1810351,9600,113151
2021-06-15,20,4200,4400,5060,9505,70,30,11200,1810351,9600,113151
2021-06-16,20,4010,4270,5010,9515,50,20,11200,1810351,9600,113151
2021-06-17,90,3990,4250,4960,9510,70,20,11200,1810351,9600,113151
2021-06-18,90,4130,4390,5060,9535,80,40,11200,1810351,9600,113151
2021-06-21,30,4060,4350,5070,9400,70,20,11200,1810351,9600,113151
2021-06-22,30,4060,4330,5050,9435,50,20,11200,1810351,9600,113151
2021-06-23,30,4040,4320,5030,9285,70,20,11200,1810351,9600,113151
2021-06-24,30,4270,4500,5010,9315,80,30,11200,1810351,9600,113151
2021-06-25,10,4090,4330,4980,9315,60,20,11200,1810351,9600,113151
2021-06-28,10,4090,4270,4990,9355,60,20,11200,1810351,9600,113151
2021-06-29,10,4190,4410,4980,9335,70,30,11200,1810351,9600,113151
2021-06-30,10,4220,4460,5030,9325,80,30,11200,1810351,9600,113151
2021-07-01,10,4250,4410,4960,9360,60,30,11200,1810351,6800,113151
2021-07-02,20,4240,4380,4980,9340,70,30,11200,1810351,11150,113151
2021-07-05,20,4260,4450,5010,9340,70,30,11200,1810351,11150,113151
2021-07-06,20,4220,4460,4940,9355,90,40,11200,1810351,11150,113151
2021-07-07,20,4220,4430,4980,9375,60,30,11200,1810351,11150,113151
2021-07-08,20,4230,4400,4970,9335,60,30,11200,1810351,11150,113151
2021-07-09,20,4220,4420,4990,9300,50,30,11200,1810351,11150,113151
2021-07-12,20,4230,4400,4990,9340,60,30,11200,1810351,11150,113151
2021-07-13,20,4250,4450,5070,9340,60,30,11200,1810351,11150,113151
2021-07-14,20,4260,4460,5080,9465,60,30,11200,1810351,11150,113151
2021-07-15,20,4270,4470,4990,9465,60,40,11200,1810351,11150,113151
2021-07-16,20,4260,4450,4990,9480,60,30,11200,1810351,11150,113151
2021-07-19,20,4250,4410,4990,9475,60,30,11200,1810351,11150,113151
2021-07-21,20,4220,4480,5020,9340,60,40,11200,1810351,11150,113151
2021-07-22,10,4230,4460,4990,9460,60,30,11200,1810351,11150,113151
2021-07-23,20,4280,4520,4970,9355,100,60,11200,1810351,11150,113151
2021-07-26,20,4260,4480,4990,9360,60,30,11150,1810351,11150,113151
2021-07-27,20,4180,4420,4950,9380,70,40,11150,1810351,11150,113151
2021-07-28,20,4180,4430,4940,9380,60,30,11150,1810351,11150,113151
2021-07-29,20,4160,4400,4920,9390,60,30,11150,1810351,11150,113151
2021-07-30,40,4150,4400,4910,9335,60,40,11150,1810351,11150,113151
2021-08-02,40,4140,4360,4840,9395,60,30,11150,1810351,11150,113151
2021-08-03,40,4140,4520,4920,9380,70,40,11150,1810351,11150,113151
2021-08-04,50,4140,4420,4900,9365,60,30,11150,1810351,11150,113151
2021-08-05,50,4140,4450,4910,9350,60,30,11150,1810351,11150,113151
2021-08-06,50,4160,4300,4870,9350,50,30,11150,1810351,11150,113151
2021-08-09,30,4140,4300,4880,9360,50,30,11150,1810351,11150,113151
2021-08-10,40,4210,4400,4910,9370,60,30,11150,1810351,11150,113151
2021-08-12,40,4180,4360,4880,9370,50,30,11150,1810351,11150,113151
2021-08-13,30,4150,4270,4830,9370,60,30,11150,1810351,11150,113151
2021-08-16,40,4170,4300,4920,9450,30,20,11150,1810351,11150,113151
2021-08-18,20,4120,4240,4820,9335,70,30,11150,1810351,11150,113151
2021-08-19,40,4150,4270,4830,9335,60,30,11150,1810351,11150,113151
2021-08-20,40,4160,4400,4940,9340,70,30,11150,1810351,11150,113151
2021-08-23,50,4210,4420,4980,9365,60,20,11150,1810351,11150,113151
2021-08-24,50,4240,4470,5000,9355,70,40,11150,1810351,11150,113151
2021-08-25,50,4250,4510,4970,9320,80,50,11150,1810351,11150,113151
2021-08-26,60,4240,4510,5050,9280,60,40,11150,1810351,11150,113151
2021-08-27,60,4260,4510,4990,9325,50,30,11150,1810351,11150,113151
2021-08-30,60,4260,4470,5000,9375,60,30,11150,1810351,11150,113151
2021-08-31,60,4260,4480,4990,9355,60,30,11150,1810351,11150,113151
2021-09-01,60,4220,4530,5120,9390,60,30,11150,1810351,11150,113151
2021-09-02,60,4240,4510,5080,9425,60,30,11150,1810351,11150,113151
2021-09-03,60,4210,4440,4980,9330,50,30,11150,1810351,11150,113151
2021-09-06,70,4250,4520,4960,9350,70,50,11150,1810351,11150,113151
2021-09-07,70,4260,4470,4980,9365,50,30,11150,1810351,11150,113151
2021-09-08,70,4360,4550,5040,9395,60,30,11150,1810351,11150,113151
2021-09-09,70,4340,4530,5030,9400,50,20,11150,1810351,11150,113151
2021-09-10,70,4360,4550,5040,9410,50,20,11150,1810351,11150,113151
2021-09-13,70,4370,4550,4980,9365,70,30,11150,1810351,11150,113151
2021-09-14,70,4300,4520,5020,9390,50,30,11150,1810351,11150,113151
2021-09-15,70,4320,4490,5020,9375,50,20,11150,1810351,11150,113151
2021-09-16,60,4340,4510,5030,9380,50,30,11150,1810351,11150,113151
2021-09-17,60,4300,4540,5050,9380,50,30,11150,1810351,11150,113151
2021-09-20,60,4320,4560,5070,9360,50,30,11150,1810351,11150,113151
2021-09-21,60,4260,4550,4970,9335,60,20,11150,1810351,11150,113151
2021-09-22,60,4270,4560,5030,9315,120,30,11150,1810351,11150,113151
2021-09-23,60,4250,4580,5040,9315,60,30,11150,1810351,11150,113151
2021-09-24,60,4350,4650,5040,9295,70,50,11150,1810351,11150,113151
2021-09-27,60,4280,4560,5030,9320,50,20,11150,1810351,11150,113151
2021-09-28,60,4270,4530,5020,9295,50,30,11150,1810351,11150,113151
2021-09-29,60,4280,4690,5080,9335,70,40,11150,1810351,11150,113151
2021-09-30,60,4290,4580,5080,9325,70,30,11150,1810351,11150,113151
2021-10-01,60,4250,4520,5020,9305,60,30,11150,1810351,11150,113151
2021-10-04,70,4260,4560,5050,9305,50,30,11150,1810351,11150,113151
2021-10-05,70,4280,4560,5020,9310,50,30,11150,1810351,11150,113151
2021-10-06,70,4260,4540,5010,9325,50,30,11150,1810351,11150,113151
2021-10-07,30,4250,4540,5010,9345,50,30,11150,1810351,11150,113151
2021-10-08,70,4260,4540,4980,9315,60,30,11150,1810351,11150,113151
2021-10-11,100,4210,4510,5120,9395,40,20,11150,1810351,11150,113151
2021-10-13,70,4220,4480,5060,9330,70,30,11150,1810351,11150,113151
2021-10-14,70,4220,4480,5030,9325,70,30,11150,1810351,11150,113151
2021-10-15,50,4220,4590,5130,9370,50,30,11150,1810351,11150,113151
2021-10-18,10,4360,4610,5160,9340,60,30,11150,1810351,11150,113151
2021-10-19,10,4330,4590,5110,9395,50,20,11150,1810351,11150,113151
2021-10-21,10,4300,4560,5100,9365,50,20,11150,1810351,11150,113151
2021-10-22,10,4450,4730,5210,9390,60,40,11150,1810351,11150,113151
2021-10-25,10,4330,4580,5120,9405,50,30,11150,1810351,11150,113151
2021-10-26,10,4320,4570,5130,9415,50,20,11150,1810351,11150,113151
2021-10-27,10,4310,4620,5150,9470,60,20,11150,1810351,11150,113151
2021-10-28,10,4330,4620,5160,9465,50,30,11150,1810351,11150,113151
2021-10-29,10,4330,4530,5130,9480,60,30,11150,1810351,11150,113151
2021-11-01,10,4320,4550,5120,9490,50,30,11150,1810351,11150,113151
2021-11-02,10,4330,4580,5120,9490,70,30,11150,1810351,11150,113151
2021-11-03,10,4350,4600,5150,9510,60,30,11150,1810351,11150,113151
2021-11-04,10,4320,4600,5150,9500,50,30,11150,1810351,11150,113151
2021-11-05,10,4300,4590,5160,9510,50,30,11150,1810351,11150,113151
2021-11-08,10,4320,4590,5120,9495,60,30,11150,1810351,11150,113151
2021-11-09,10,4330,4630,5200,9500,50,30,11150,1810351,11150,113151
2021-11-10,10,4490,4740,5310,9515,110,60,11150,1810351,11150,113151
2021-11-11,20,4390,4710,5290,9520,60,30,11150,1810351,11150,113151
2021-11-12,10,4420,4700,5300,9510,70,30,11150,1810351,11150,113151
2021-11-15,50,4390,4700,5250,9520,60,30,11150,1810351,11150,113151
2021-11-16,50,4370,4670,5210,9520,60,30,11150,1810351,11150,113151
2021-11-17,50,4400,4660,5210,9490,40,20,11150,1810351,11150,113151
2021-11-18,50,4370,4670,5190,9530,60,30,11150,1810351,11150,113151
2021-11-19,60,4360,4660,5250,9545,70,40,11150,1810351,11150,113151
2021-11-22,60,4380,4570,5290,9470,40,20,11150,1810351,11150,113151
2021-11-23,60,4410,4640,5300,9525,70,40,11150,1810351,11150,113151
2021-11-24,60,4410,4640,5300,9530,70,30,11150,1810351,11150,113151
2021-11-25,60,4410,4610,5400,9525,70,40,11150,1810351,11150,113151
2021-11-26,70,4390,4590,5280,9530,50,30,11150,1810351,11150,113151
2021-11-29,70,4410,4640,5290,9530,50,30,11150,1810351,11150,113151
2021-11-30,70,4360,4530,5270,9525,70,30,11200,1810351,11150,113151
2021-12-01,70,4390,4540,5270,9545,60,30,11150,1810351,11150,113151
2021-12-02,70,4340,4510,5260,9535,60,30,11150,1810351,11150,113151
2021-12-03,70,4340,4510,5260,9545,50,30,11150,1810351,11150,113151
2021-12-06,80,4320,4510,5270,9535,50,30,11150,1810351,11150,113151
2021-12-07,80,4320,4530,5260,9530,70,40,11200,1810351,11150,113151
2021-12-08,90,4320,4510,5230,9525,60,30,11150,1810351,11150,113151
2021-12-09,90,4330,4510,5240,9530,60,40,11200,1810351,11150,113151
2021-12-10,40,4320,4510,5220,9525,60,30,11200,1810351,11150,113151
2021-12-13,30,4310,4510,5250,9560,40,20,11200,1810351,11150,113151
2021-12-14,30,4300,4530,5250,9585,40,30,11200,1810351,11150,113151
2021-12-15,30,4320,4550,5250,9575,50,30,11200,1810351,11150,113151
2021-12-16,30,4320,4550,5250,9580,50,30,11250,1810351,11150,113151
2021-12-17,30,4300,4530,5230,9560,50,30,11250,1810351,11150,113151
2021-12-20,20,4400,4600,5240,9555,50,30,11250,1810351,11150,113151
2021-12-21,20,4320,4550,5230,9560,40,30,11250,1810351,11150,113151
2021-12-22,20,4320,4510,5240,9600,40,20,11250,1810351,11150,113151
2021-12-23,20,4320,4550,5280,9605,50,30,11250,1810351,11150,113151
2021-12-24,20,4320,4500,5240,9605,40,30,11250,1810351,11150,113151
2021-12-27,20,4400,4580,5290,9595,60,30,11750,1810351,11150,113151
2021-12-28,20,4300,4500,5300,9605,50,30,11250,1810351,11150,113151
2021-12-29,20,4300,4530,5250,9610,50,30,11300,1810351,11150,113151
2021-12-30,20,4300,4500,5230,9615,40,20,11250,1810351,11150,113151
2021-12-31,10,4300,4530,5250,9540,20,20,11250,1810351,11150,113151
2022-01-03,20,4320,4550,5300,9615,60,30,11250,1841487,6800,113151
2022-01-04,20,4320,4540,5300,9605,60,40,11300,1841487,6800,113151
2022-01-05,20,4430,4680,5320,9590,80,70,11300,1841487,6800,113151
2022-01-06,20,4320,4570,5320,9615,60,40,11300,1841487,6800,113151
2022-01-07,20,4320,4540,5300,9595,60,40,11300,1841487,6800,113151
2022-01-10,20,4320,4570,5320,9615,70,50,11300,1841487,6800,113151
2022-01-11,20,4320,4570,5300,9605,60,40,11300,1841487,6800,113151
2022-01-12,20,4460,4550,5340,9685,80,30,11300,1841487,6800,113151
2022-01-13,30,4280,4490,5280,9605,90,30,11300,1841487,6800,113151
2022-01-14,20,4310,4740,5330,9615,80,30,11300,1841487,6800,113151
2022-01-17,10,4410,4560,5400,9605,170,40,11350,1841487,6800,113151
2022-01-18,10,4350,4570,5400,9635,160,40,11350,1841487,6800,113151
2022-01-19,10,4400,4590,5460,9605,150,40,11350,1841487,6800,113151
2022-01-20,10,4430,4650,5570,9685,130,50,11350,1841487,6800,113151
2022-01-21,10,4470,4700,5600,9720,130,40,11350,1841487,6800,113151
2022-01-24,10,4260,4500,5540,9650,150,50,11350,1841487,6800,113151
2022-01-25,10,4370,4640,5630,9655,110,50,11350,1841487,6800,113151
2022-01-26,10,4350,4610,5620,9690,110,30,11350,1841487,6800,113151
2022-01-27,10,4370,4630,5630,9645,80,40,11850,1841487,6800,113151
2022-01-28,10,4390,4630,5650,9660,80,40,11350,1841487,6800,113151
2022-01-31,10,4440,4610,5630,9700,110,50,11350,1841487,6800,113151
2022-02-02,10,4420,4620,5620,9700,110,50,11350,1841487,6800,113151
2022-02-03,10,4420,4620,5620,9700,110,40,11350,1841487,6800,113151
2022-02-04,10,4500,4590,5570,9705,110,40,11350,1841487,6800,113151
2022-02-07,10,4390,4580,5600,9690,110,40,11350,1841487,6800,113151
2022-02-08,10,4390,4570,5590,9695,80,50,11350,1841487,6800,113151
2022-02-09,10,4390,4550,5590,9695,110,40,11350,1841487,6800,113151
2022-02-10,10,4390,4600,5580,9690,110,40,11350,1841487,6800,113151
2022-02-11,10,4540,4580,5710,9720,160,60,11350,1841487,6800,113151
2022-02-14,10,4460,4610,5590,9590,110,60,11350,1841487,6800,113151
2022-02-15,20,4460,4590,5600,9570,110,60,11350,1841487,6800,113151
2022-02-16,20,4460,4580,5590,9520,110,60,11350,1841487,6800,113151
2022-02-17,10,4430,4600,5600,9530,100,50,11350,1841487,6800,113151
2022-02-18,20,4520,4600,5600,9570,100,60,11350,1841487,6800,113151
2022-02-21,10,4440,4600,5600,9580,90,50,11350,1841487,6800,113151
2022-02-22,10,4410,4600,5600,9580,90,50,11350,1841487,6800,113151
2022-02-23,10,4370,4580,5590,9595,100,50,11350,1841487,6800,113151
2022-02-24,10,4430,4580,5710,9615,110,50,11350,1841487,6800,113151
2022-02-25,10,4430,4580,5720,9615,100,50,11350,1841487,6800,113151
2022-03-01,10,4430,4600,5730,9605,100,60,11350,1841487,6800,113151
2022-03-02,10,4430,4600,5730,9605,100,60,11350,1841487,6800,113151
2022-03-04,10,4410,4570,5700,9625,130,60,11350,1841487,6800,113151
2022-03-07,10,4410,4570,5700,9645,120,50,11350,1841487,6800,113151
2022-03-08,10,4420,4590,5700,9645,90,50,11350,1841487,6800,113151
2022-03-09,10,4390,4590,5710,9650,90,50,11350,1841487,6800,113151
2022-03-10,10,4390,4570,5700,9650,90,50,11350,1841487,6800,113151
2022-03-11,10,4410,4610,5710,9650,120,40,11350,1841487,6800,113151
2022-03-14,10,4420,4630,5650,9740,70,50,11350,1841487,6800,113151
2022-03-15,10,4440,4630,5590,9710,90,70,11350,1841487,6800,113151
2022-03-16,10,4380,4580,5540,9715,90,70,11350,1841487,6800,113151
2022-03-17,10,4400,4560,5540,9720,80,60,11350,1841487,6800,113151
2022-03-18,10,4400,4580,5540,9730,80,60,11350,1841487,6800,113151
2022-03-21,20,4470,4670,5530,9620,50,50,11350,1841487,6800,113151
2022-03-22,10,4360,4560,5530,9730,90,60,11350,1841487,6800,113151
2022-03-23,10,4400,4600,5530,9750,90,60,11350,1841487,6800,113151
2022-03-24,10,4400,4580,5440,9615,100,70,11400,1841487,6800,113151
2022-03-25,10,4350,4520,5380,9585,80,40,11350,1841487,6800,113151
2022-03-28,10,4350,4520,5380,9585,90,60,11350,1841487,6800,113151
2022-03-29,10,4340,4520,5380,9520,100,70,11350,1841487,6800,113151
2022-03-30,10,4330,4540,5400,9535,100,70,11350,1841487,6800,113151
2022-03-31,10,4320,4550,5400,9545,100,70,11350,1841487,6800,113151
2022-04-01,10,4320,4520,5400,9545,100,70,11350,1841487,6800,113151
2022-04-04,10,4340,4520,5490,9555,70,50,11950,1841487,6800,113151
2022-04-05,10,4350,4500,5380,9530,120,80,11350,1841487,6800,113151
2022-04-06,10,4310,4530,5360,9555,120,90,11350,1841487,6800,113151
2022-04-07,10,4280,4510,5340,9525,120,80,11350,1841487,6800,113151
2022-04-08,20,4260,4490,5360,9530,120,80,11350,1841487,6800,113151
2022-04-11,10,4220,4460,5250,9465,150,90,11350,1841487,6800,113151
2022-04-12,20,4180,4380,5220,9460,130,90,11350,1841487,6800,113151
2022-04-13,20,4090,4320,5160,9480,130,80,11350,1841487,6800,113151
2022-04-14,20,4120,4390,5220,9495,130,80,11350,1841487,6800,113151
2022-04-18,20,4180,4450,5240,9460,120,80,11350,1841487,6800,113151
2022-04-19,20,4150,4420,5250,9500,130,80,11350,1841487,6800,113151
2022-04-20,20,4160,4420,5240,9555,140,50,11350,1841487,6800,113151
2022-04-21,30,4240,4510,5280,9475,130,70,11350,1841487,6800,113151
2022-04-22,20,4170,4430,5250,9565,150,60,11350,1841487,6800,113151
2022-04-25,10,4140,4420,5230,9575,150,60,11350,1841487,6800,113151
2022-04-26,10,4150,4410,5300,9570,140,80,11350,1841487,6800,113151
2022-04-27,20,4130,4420,5170,9550,120,80,11350,1841487,6800,113151
2022-04-28,10,4150,4420,5240,9570,140,70,11350,1841487,6800,113151
2022-05-09,10,4130,4410,5230,9400,110,70,11350,1841487,6800,113151
2022-05-10,10,4170,4450,5150,9400,120,70,11350,1841487,6800,113151
2022-05-11,10,4170,4450,5270,9400,120,70,11350,1841487,6800,113151
2022-05-12,10,4170,4440,5270,9400,120,70,11350,1841487,6800,113151
2022-05-13,10,4170,4450,5270,9395,110,80,11350,1841487,6800,113151
2022-05-17,10,4160,4410,5240,9355,120,90,11350,1841487,6800,113151
2022-05-18,10,4100,4400,5220,9335,120,90,11350,1841487,6800,113151
2022-05-19,10,4140,4410,5250,9345,120,90,11350,1841487,6800,113151
2022-05-20,10,4140,4410,5250,9360,120,90,11350,1841487,6800,113151
2022-05-23,10,4160,4410,5240,9360,130,100,11350,1841487,6800,113151
2022-05-24,10,4100,4400,5210,9315,150,100,11350,1841487,6800,113151
2022-05-25,10,4140,4400,5230,9350,130,100,11350,1841487,6800,113151
2022-05-27,10,4180,4410,5240,9350,130,100,11350,1841487,6800,113151
2022-05-30,10,4180,4410,5220,9345,130,110,11350,1841487,6800,113151
2022-05-31,10,4180,4420,5130,9350,130,90,11350,1841487,6800,113151
2022-06-02,10,4160,4420,5250,9395,130,100,11350,1841487,6800,113151
2022-06-03,10,4180,4410,5230,9340,150,100,11350,1841487,6800,113151
2022-06-06,10,4180,4420,5280,9345,130,90,11350,1841487,6800,113151
2022-06-07,10,4200,4430,5280,9345,130,90,11350,1841487,6800,113151
2022-06-08,10,4200,4630,5280,9345,130,90,11350,1841487,6800,113151
2022-06-09,30,4250,4520,5240,9190,160,50,11350,1841487,6800,113151
2022-07-14,10,4260,4500,5190,9335,70,70,11300,1841487,6800,113151
2022-07-15,10,4260,4500,5290,9375,70,60,11300,1841487,6800,113151
2022-07-18,10,4260,4510,5280,9360,70,60,11300,1841487,6800,113151
2022-07-19,10,4240,4490,5280,9355,80,70,11300,1841487,6800,113151
2022-07-20,10,4220,4490,5270,9310,100,70,11300,1841487,6800,113151
2022-07-21,10,4260,4510,5290,9355,80,60,11300,1841487,6800,113151
2022-07-22,10,4320,4510,5290,9355,80,60,11300,1841487,6800,113151
2022-07-25,10,4240,4480,5290,9340,80,60,11300,1841487,6800,113151
2022-07-26,10,4240,4490,5300,9340,80,60,11300,1841487,6800,113151
2022-07-27,10,4240,4490,5300,9340,80,60,11300,1841487,6800,113151
2022-07-28,10,4260,4500,5300,9325,90,70,11300,1841487,6800,113151
2022-07-29,20,4320,4560,5300,9330,70,70,11300,1841487,6800,113151
2022-08-01,10,4220,4480,5300,9305,100,70,11300,1841487,6800,113151
2022-08-02,10,4170,4460,5280,9365,70,70,11300,1841487,6800,113151
2022-08-03,10,4300,4600,5340,9335,90,170,11300,1841487,6800,113151
2022-08-04,10,4250,4500,5310,9395,60,70,11300,1841487,6800,113151
2022-08-05,10,4240,4500,5350,9425,90,110,11300,1841487,6800,113151
2022-08-08,10,4230,4500,5320,9400,80,70,11300,1841487,6800,113151
2022-08-09,10,4200,4480,5300,9385,80,80,11300,1841487,6800,113151
2022-08-10,10,4220,4480,5300,9375,80,70,11300,1841487,6800,113151
2022-08-11,10,4290,4500,5410,9400,80,70,11300,1841487,6800,113151
2022-08-12,10,4300,4560,5320,9400,70,70,11300,1841487,6800,113151
2022-08-15,20,4410,4700,5440,9450,50,40,11350,1841487,6800,113151
2022-08-16,10,4360,4630,5420,9475,50,40,11350,1841487,6800,113151
2022-08-18,20,4410,4620,5410,9460,40,40,11350,1841487,6800,113151
2022-08-19,10,4360,4620,5400,9460,40,40,11350,1841487,6800,113151
2022-08-22,10,4370,4610,5430,9500,60,40,11350,1841487,6800,113151
2022-08-23,10,4360,4630,5410,9495,80,40,11350,1841487,6800,113151
2022-08-24,10,4390,4620,5430,9510,60,30,11400,1841487,6800,113151
2022-08-25,10,4390,4630,5440,9530,70,70,11400,1841487,6800,113151
2022-08-26,10,4360,4630,5460,9525,70,70,11400,1841487,6800,113151
2022-08-29,40,4540,4710,5420,9395,70,60,11400,1841487,6800,113151
2022-08-30,20,4460,4710,5410,9400,70,40,11400,1841487,6800,113151
2022-08-31,20,4490,4760,5420,9435,60,50,11400,1841487,6800,113151
2022-09-01,30,4540,4800,5370,9385,60,40,11400,1841487,11150,113151
2022-09-02,30,4610,4780,5420,9445,70,50,11400,1841487,11150,113151
2022-09-05,20,4570,4820,5420,9445,60,70,11400,1841487,11150,113151
2022-09-06,20,4560,4820,5420,9480,70,70,11400,1841487,11150,113151
2022-09-07,20,4580,4810,5420,9440,80,70,11400,1841487,11150,113151
2022-09-08,20,4580,4800,5450,9440,80,70,11400,1841487,11150,113151
2022-09-09,20,4570,4800,5450,9440,80,70,11400,1841487,11150,113151
2022-09-12,20,4580,4800,5500,9540,70,70,11450,1841487,11150,113151
2022-09-13,20,4600,4780,5550,9695,60,60,11450,1841487,11150,113151
2022-09-14,20,4620,4780,5550,9720,60,60,11450,1841487,11150,113151
2022-09-15,40,4750,4880,5510,9715,70,80,11500,1841487,11150,113151
2022-09-16,40,4780,4810,5540,9760,70,80,11500,1841487,11150,113151
2022-09-19,20,4610,4790,5560,9715,80,70,11500,1841487,11150,113151
2022-09-20,20,4610,4810,5600,9735,70,70,11500,1841487,11150,113151
2022-09-21,20,4610,4810,5580,9730,80,80,11500,1841487,11150,113151
2022-09-22,20,4610,4810,5580,9745,80,60,11500,1841487,11150,113151
2022-09-23,20,4560,4810,5580,9790,80,60,11500,1841487,11150,113151
2022-09-26,10,4420,4870,5640,9830,70,70,11500,1841487,11150,113151
2022-09-27,10,4440,4880,5650,9865,70,60,11500,1841487,11150,113151
2022-09-28,0,4440,4890,5720,9810,80,70,11500,1841487,11150,113151
2022-09-29,10,4480,4970,5670,9830,60,50,11500,1841487,11150,113151
2022-09-30,0,4470,4780,5660,9785,80,50,11500,1841487,11150,113151
2022-10-03,0,4440,4860,5700,9720,60,50,11500,1841487,11150,113151
2022-10-04,0,4420,4860,5670,9720,60,50,11500,1841487,11150,113151
2022-10-05,10,4480,4940,5670,9690,80,50,11500,1841487,11150,113151
2022-10-06,0,4460,4860,5670,9740,70,40,11500,1841487,11150,113151
2022-10-07,0,4420,4850,5670,9740,70,30,11500,1841487,11150,113151
2022-10-10,0,4250,4870,5740,9745,50,30,11500,1841487,11150,113151
2022-10-11,0,4250,4860,5640,9780,50,30,11500,1841487,11150,113151
2022-10-12,0,4390,4820,5650,9730,70,30,11500,1841487,11150,113151
2022-10-13,10,4410,4880,5630,9775,40,20,11500,1841487,11150,113151
2022-10-14,0,4370,4800,5630,9780,60,20,11450,1841487,11150,113151
2022-10-17,10,4330,4800,5670,9740,70,40,11500,1841487,11150,113151
2022-10-18,10,4330,4800,5670,9740,70,40,11500,1841487,11150,113151
2022-10-19,10,4330,4850,5640,9715,80,30,11500,1841487,11150,113151
2022-10-20,10,4310,4820,5660,9775,120,50,11500,1841487,11150,113151
2022-10-21,10,4330,4770,5650,9740,90,30,11500,1841487,11150,113151
2022-10-24,10,4370,4790,5670,9760,80,40,11500,1841487,11150,113151
2022-10-25,10,4440,4830,5690,9760,80,40,11500,1841487,11150,113151
2022-10-26,10,4450,4870,5700,9800,110,50,11500,1841487,11150,113151
2022-10-27,10,4420,4830,5690,9750,80,30,11500,1841487,11150,113151
2022-10-28,0,4430,4870,5700,9790,120,50,11500,1841487,11150,113151
2022-10-31,10,4440,4830,5680,9710,90,40,11500,1841487,11150,113151
2022-11-01,10,4410,4880,5720,9755,210,100,11500,1841487,11150,113151
2022-11-02,10,4470,4880,5680,9765,90,30,11500,1841487,11150,113151
2022-11-03,10,4500,4920,5690,9835,80,30,11500,1841487,11150,113151
2022-11-04,10,4510,4930,5720,9880,110,60,11500,1841487,11150,113151
2022-11-07,10,4530,4960,5650,9860,130,40,11550,1841487,11150,113151
2022-11-08,10,4530,4930,5670,9850,100,30,11550,1841487,11150,113151
2022-11-09,10,4530,4930,5670,9855,90,30,11550,1841487,11150,113151
2022-11-10,10,4620,5080,5650,9850,90,20,11550,1841487,11150,113151
2022-11-11,10,4630,5170,5620,9790,130,30,11550,1841487,11150,113151
2022-11-14,10,4510,4930,5670,9920,80,30,11550,1841487,11150,113151
2022-11-15,10,4530,4930,5700,9930,70,40,11550,1841487,11150,113151
2022-11-16,10,4510,4930,5690,9930,70,40,11550,1841487,11150,113151
2022-11-17,10,4510,4940,5730,9935,70,40,11550,1841487,11150,113151
2022-11-18,10,4550,5030,5730,9970,70,40,11550,1841487,11150,113151
2022-11-21,10,4560,4960,5720,9955,70,30,11600,1841487,11150,113151
2022-11-22,0,4410,4860,5740,9895,40,80,11600,1841487,11150,113151
2022-11-23,20,4650,5050,5730,9935,50,80,11600,1841487,11150,113151
2022-11-24,10,4570,4970,5770,9885,50,50,11600,1841487,11150,113151
2022-11-25,10,4570,4970,5740,9885,60,50,11600,1841487,11150,113151
2022-11-28,10,4640,5050,5800,9950,50,30,11600,1841487,11150,113151
2022-11-29,10,4580,5020,5790,9930,80,40,11600,1841487,11150,113151
2022-11-30,10,4570,4970,5800,9965,50,30,11600,1841487,11150,113151
2022-12-01,0,4370,4890,5800,9820,70,50,11600,1841487,11150,113151
2022-12-02,10,4600,5030,5840,10010,50,30,11600,1841487,11150,113151
2022-12-05,10,4590,4960,5790,10030,60,30,11650,1841487,11150,113151
2022-12-06,10,4590,4970,5830,10055,50,40,11700,1841487,11150,113151
2022-12-07,10,4620,5000,5840,10005,80,40,11700,1841487,11150,113151
2022-12-08,70,4780,5190,5960,10045,50,30,11750,1841487,11150,113151
2022-12-09,10,4630,5030,5900,10150,80,40,11750,1841487,11150,113151
2022-12-12,10,4620,4980,5820,10225,50,30,11750,1841487,11150,113151
2022-12-13,10,4810,5100,5870,10265,60,30,11750,1841487,11150,113151
2022-12-14,10,4810,5100,5870,10275,60,20,11750,1841487,11150,113151
2022-12-15,10,4680,4980,5860,10260,50,40,11750,1841487,11150,113151
2022-12-16,10,4790,5100,5870,10300,60,40,11750,1841487,11150,113151
2022-12-19,20,5010,5330,6050,10295,110,70,11750,1841487,11150,113151
2022-12-20,10,4890,5180,5910,10420,80,50,11750,1841487,11150,113151
2022-12-21,10,4810,5100,5880,10310,80,50,11800,1841487,11150,113151
2022-12-22,10,4810,5100,5880,10310,90,30,11800,1841487,11150,113151
2022-12-23,10,4740,5220,5910,10340,110,30,11800,1841487,11150,113151
2022-12-26,10,4910,5090,5940,10475,90,50,11800,1841487,11150,113151
2022-12-27,10,4830,5000,5960,10470,90,30,11800,1841487,11150,113151
2022-12-28,10,4910,5090,6000,10585,90,30,11800,1841487,11150,113151
2022-12-29,10,4850,5150,6020,10455,80,40,11800,1841487,11150,113151
2022-12-30,10,4890,5270,6090,10495,80,20,11800,1841487,11150,113151
2023-01-02,80,5130,5380,6060,10590,80,40,11800,1986670,6800,113151
2023-01-04,0,4860,5240,6140,10570,70,30,11800,1986670,6800,113151
2023-01-05,10,4980,5380,6210,10545,90,70,11800,1986670,6800,113151
2023-01-06,0,4860,5300,6210,10570,80,30,11850,1986670,6800,113151
2023-01-09,0,4690,5070,6420,10905,60,30,11850,1986670,6800,113151
2023-01-10,10,4880,5250,6330,10775,70,20,11900,1986670,6800,113151
2023-01-11,10,4910,5230,6330,10815,70,10,11900,1986670,6800,113151
2023-01-12,10,4880,5220,6320,10810,60,10,11900,1986670,6800,113151
2023-01-13,10,4820,5110,6280,10960,60,10,11900,1986670,6800,113151
2023-01-16,10,4780,5100,6230,11050,50,10,11900,1986670,6800,113151
2023-01-17,0,4620,4940,6290,11090,30,20,11950,1986670,6800,113151
2023-01-18,10,4850,5230,6330,10985,40,20,11950,1986670,6800,113151
2023-01-19,10,4860,5220,6270,11050,40,20,11950,1986670,6800,113151
2023-01-20,10,4880,5240,6420,11225,60,20,11950,1986670,6800,113151
2023-01-23,10,4810,5150,6260,11050,40,20,11950,1986670,6800,113151
2023-01-24,10,4840,5180,6300,11155,40,10,12050,1986670,6800,113151
2023-01-25,10,4750,5090,6210,11010,30,20,12050,1986670,6800,113151
2023-01-26,10,4770,5110,6200,10965,50,20,12050,1986670,6800,113151
2023-01-27,0,4520,4860,6150,10950,40,10,12100,1986670,6800,113151
2023-01-30,0,4700,5170,6140,11005,40,10,12150,1986670,6800,113151
2023-01-31,0,4640,5090,6100,11070,60,30,12150,1986670,6800,113151
2023-02-01,0,4870,5340,6280,11175,30,20,12150,1986670,6800,113151
2023-02-02,0,4870,5340,6330,11175,30,10,12150,1986670,6800,113151
2023-02-03,0,5090,5440,6420,11165,30,10,12150,1986670,6800,113151
2023-02-06,0,5270,5630,6500,11260,20,10,12300,1986670,6800,113151
2023-02-07,0,5300,5700,6570,11405,20,20,12350,1986670,6800,113151
2023-02-08,0,5370,5820,6560,11445,30,10,12350,1986670,6800,113151
2023-02-09,0,5350,5700,6620,11465,20,20,12400,1986670,6800,113151
2023-02-10,0,5300,5580,6620,11405,20,20,12400,1986670,6800,113151
2023-02-13,0,5370,5730,6700,11480,20,20,12450,1986670,6800,113151
2023-02-14,0,5350,5730,6710,11505,30,20,12450,1986670,6800,113151
2023-02-15,0,5300,5670,6810,11500,30,20,12500,1986670,6800,113151
2023-02-16,0,5350,5690,6710,11530,30,20,12500,1986670,6800,113151
2023-02-17,0,5350,5690,6680,11480,30,20,12500,1986670,6800,113151
2023-02-20,0,5250,5700,6700,11365,20,10,12500,1986670,6800,113151
2023-02-21,0,5270,5660,6700,11400,40,10,12500,1986670,6800,113151
2023-02-22,0,5250,5660,6680,11380,40,20,12500,1986670,6800,113151
2023-02-23,0,5300,5720,6760,11415,30,10,12500,1986670,6800,113151
2023-02-24,0,5300,5680,6560,11320,20,20,12500,1986670,6800,113151
2023-02-27,0,5230,5690,6650,11320,20,10,12500,1986670,6800,113151
2023-02-28,0,5220,5610,6530,11290,20,10,12500,1986670,6800,113151
2023-03-01,0,5170,5620,6480,11140,40,20,12450,1986670,6800,113151
2023-03-02,0,5250,5700,6500,11235,30,20,12450,1986670,6800,113151
2023-03-03,0,5170,5660,6510,11140,30,10,12450,1986670,6800,113151
2023-03-06,0,5170,5640,6440,11110,30,10,12450,1986670,6800,113151
2023-03-07,0,5120,5540,6440,11090,50,10,12450,1986670,6800,113151
2023-03-08,0,5130,5590,6220,11015,50,10,12450,1986670,6800,113151
2023-03-09,10,4930,5370,6470,11255,70,20,12450,1986670,6800,113151
2023-03-10,10,4890,5340,6240,11160,60,20,12450,1986670,6800,113151
2023-03-13,10,4950,5350,6230,11070,50,20,12450,1986670,6800,113151
2023-03-14,10,5050,5320,6220,11095,60,20,12450,1986670,6800,113151
2023-03-15,10,5030,5350,6300,11110,70,20,12450,1986670,6800,113151
2023-03-16,20,5090,5360,6300,11095,50,10,12450,1986670,6800,113151
2023-03-17,20,5070,5360,6220,11060,60,20,12450,1986670,6800,113151
2023-03-20,20,5070,5430,6200,11120,70,20,12450,1986670,6800,113151
2023-03-21,10,5100,5440,6200,11140,60,20,12450,1986670,6800,113151
2023-03-22,10,5100,5530,6230,11150,50,20,12500,1986670,6800,113151
2023-03-23,20,5010,5450,6160,11080,70,20,12500,1986670,6800,113151
2023-03-24,20,5050,5470,6190,11090,60,20,12450,1986670,6800,113151
2023-03-27,20,5050,5470,6200,11160,50,20,12450,1986670,6800,113151
2023-03-28,20,4990,5460,6230,11220,60,20,12450,1986670,6800,113151
2023-03-29,20,5040,5410,6160,11175,60,20,12450,1986670,6800,113151
2023-03-30,20,5150,5410,6160,11155,50,10,12450,1986670,6800,113151
2023-03-31,20,5130,5380,6170,11135,50,20,12450,1986670,6800,113151
2023-04-03,20,5070,5290,6220,11125,20,10,12450,1986670,6800,113151
2023-04-04,20,5120,5340,6080,11185,50,30,12450,1986670,6800,113151
2023-04-05,10,5120,5340,6090,11180,60,10,12450,1986670,6800,113151
2023-04-06,10,5110,5370,6090,11250,60,20,12450,1986670,6800,113151
2023-04-07,20,5090,5310,6020,11195,60,10,12500,1986670,6800,113151
2023-04-10,20,5120,5330,6040,11185,70,20,12450,1986670,6800,113151
2023-04-11,20,5020,5250,6090,11205,70,30,12450,1986670,6800,113151
2023-04-12,30,5110,5360,6170,11160,70,20,12450,1986670,6800,113151
2023-04-13,30,5130,5360,6130,11195,70,30,12450,1986670,6800,113151
2023-04-14,30,5150,5360,6130,11175,80,20,12450,1986670,6800,113151
2023-04-17,30,5090,5330,6160,11185,90,40,12450,1986670,6800,113151
2023-04-18,30,5110,5340,6140,11215,70,30,12450,1986670,6800,113151
2023-04-19,40,5110,5340,6030,11225,60,30,12450,1986670,6800,113151
2023-04-20,30,5120,5360,6140,11255,70,20,12450,1986670,6800,113151
2023-04-21,30,5090,5340,6140,11255,70,30,12450,1986670,6800,113151
2023-04-24,40,5110,5330,6200,11230,60,20,12450,1986670,6800,113151
2023-04-25,40,5150,5400,6280,11255,70,20,12450,1986670,6800,113151
2023-04-26,30,5060,5310,6200,11170,90,20,12450,1986670,6800,113151
2023-04-27,40,5030,5270,6180,11215,80,30,12450,1986670,6800,113151
2023-04-28,40,5030,5280,6200,11210,90,20,12450,1986670,6800,113151
2023-05-01,40,5010,5280,6200,11205,90,20,12600,1986670,6800,113151
2023-05-02,30,5030,5260,6200,11220,80,30,12450,1986670,6800,113151
2023-05-03,40,5140,5380,6280,11240,60,20,12450,1986670,6800,113151
2023-05-04,40,4990,5190,6090,11305,70,20,12450,1986670,6800,113151
2023-05-05,30,5040,5280,6160,11305,90,30,12450,1986670,6800,113151
2023-05-08,40,5030,5260,6110,11295,60,30,12450,1986670,6800,113151
2023-05-09,30,4890,5280,6110,11300,80,30,12450,1986670,6800,113151
2023-05-10,40,4890,5270,6060,11195,90,30,12450,1986670,6800,113151
2023-05-11,40,4890,5270,6060,11195,80,30,12450,1986670,6800,113151
2023-05-12,40,4910,5160,6100,11190,180,20,12450,1986670,6800,113151
2023-05-15,40,4950,5310,6090,11145,50,20,12450,1986670,6800,113151
2023-05-16,40,4970,5190,6090,11145,80,20,12450,1986670,6800,113151
2023-05-17,40,5100,5310,6080,11145,60,30,12450,1986670,6800,113151
2023-05-18,50,5100,5310,6080,11145,80,20,12450,1986670,6800,113151
2023-05-19,40,5130,5340,6080,11195,100,30,12450,1986670,6800,113151
2023-05-22,40,5140,5360,6090,11150,90,10,12450,1986670,6800,113151
2023-05-23,40,5160,5370,6090,11140,90,20,12450,1986670,6800,113151
2023-05-24,50,5140,5340,6110,11255,90,20,12450,1986670,6800,113151
2023-05-25,40,5110,5300,6040,11105,90,30,12450,1986670,6800,113151
2023-05-26,40,5140,5310,6120,11210,80,20,12450,1986670,6800,113151
2023-05-29,40,5100,5310,6120,11210,70,20,12450,1986670,6800,113151
2023-05-30,50,5100,5330,6120,11210,80,20,12400,1986670,6800,113151
2023-05-31,40,5120,5360,6120,11210,80,20,12400,1986670,6800,113151
2023-06-01,40,5270,5480,6250,11305,60,20,12400,1986670,6800,113151
2023-06-02,40,5170,5400,6200,11260,60,20,12400,1986670,6800,113151
2023-06-05,20,5190,5410,6210,11300,70,30,12400,1986670,6800,113151
2023-06-06,20,5220,5450,6210,11305,70,20,12400,1986670,6800,113151
2023-06-07,20,5090,5310,6200,11270,60,20,12400,1986670,6800,113151
2023-06-08,20,5230,5450,6210,11295,80,20,12400,1986670,6800,113151
2023-06-09,20,5230,5450,6240,11265,70,30,12400,1986670,6800,113151
2023-06-12,20,5230,5450,6220,11305,70,40,12400,1986670,6800,113151
2023-06-13,20,5250,5460,6220,11305,70,30,12400,1986670,6800,113151
2023-06-14,20,5220,5470,6190,11180,90,30,12400,1986670,6800,113151
2023-06-15,20,5240,5490,6240,11285,70,30,12400,1986670,6800,113151
2023-06-16,20,5250,5480,6190,11320,90,30,12400,1986670,6800,113151
2023-06-19,20,5200,5440,6250,11310,40,30,12400,1986670,6800,113151
2023-06-20,20,5240,5470,6240,11185,70,20,12400,1986670,6800,113151
2023-06-21,20,5250,5460,6260,11290,70,20,12400,1986670,6800,113151
2023-06-22,20,5330,5510,6290,11330,70,20,12400,1986670,6800,113151
2023-06-23,20,5360,5510,6290,11290,60,20,12400,1986670,6800,113151
2023-06-26,20,5360,5530,6300,11315,70,20,12400,1986670,6800,113151
2023-06-27,20,5360,5530,6310,11285,60,20,12400,1986670,6800,113151
2023-06-28,20,5360,5540,6300,11325,50,20,12450,1986670,6800,113151
2023-06-29,20,5360,5540,6310,11305,60,20,12450,1986670,6800,113151
2023-06-30,10,5360,5540,6320,11420,40,20,12450,1986670,6800,113151
2023-07-03,20,5360,5540,6330,11285,60,30,12400,1986670,6800,113151
2023-07-04,20,5330,5530,6320,11280,50,20,12400,1986670,6800,113151
2023-07-05,20,5310,5520,6330,11305,60,20,12400,1986670,6800,113151
2023-07-06,20,5310,5520,6330,11280,50,20,12400,1986670,6800,113151
2023-07-07,20,5290,5490,6300,11305,60,20,12400,1986670,6800,113151
2023-07-10,20,5240,5430,6260,11315,70,20,12400,1986670,6800,113151
2023-07-11,20,5280,5420,6290,11325,50,20,12400,1986670,6800,113151
2023-07-12,20,5250,5370,6270,11315,40,20,12450,1986670,6800,113151
2023-07-13,20,5190,5340,6340,11325,70,30,12450,1986670,6800,113151
2023-07-14,30,5170,5340,6250,11280,100,30,12450,1986670,6800,113151
2023-07-17,20,5120,5320,6250,11275,80,20,12450,1986670,6800,113151
2023-07-18,40,5210,5380,6280,11210,70,20,12450,1986670,6800,113151
2023-07-19,30,5190,5350,6250,11140,80,30,12450,1986670,6800,113151
2023-07-20,30,5230,5400,6290,11315,60,20,12450,1986670,6800,113151
2023-07-21,30,5220,5390,6290,11220,70,30,12450,1986670,6800,113151
2023-07-24,60,5230,5410,6310,11290,70,30,12450,1986670,6800,113151
2023-07-25,60,5230,5410,6280,11265,90,30,12450,1986670,6800,113151
2023-07-26,50,5220,5390,6290,11205,80,30,12400,1986670,6800,113151
2023-07-27,50,5310,5500,6290,11265,70,20,12400,1986670,6800,113151
2023-07-28,30,5360,5550,6340,11295,50,30,12400,1986670,6800,113151
2023-07-31,60,5340,5550,6320,11250,50,30,12400,1986670,6800,113151
2023-08-01,60,5380,5530,6350,11280,50,20,12400,1986670,6800,113151
2023-08-02,50,5420,5700,6360,11285,50,20,12400,1986670,6800,113151
2023-08-03,50,5400,5540,6360,11300,60,20,12400,1986670,6800,113151
2023-08-04,20,5440,5570,6380,11315,60,20,12400,1986670,6800,113151
2023-08-07,30,5400,5540,6430,11360,50,20,12450,1986670,6800,113151
2023-08-08,30,5400,5510,6310,11375,70,30,12450,1986670,6800,113151
2023-08-09,20,5220,5460,6470,11445,50,20,12450,1986670,6800,113151
2023-08-10,40,5390,5640,6490,11495,70,20,12500,1986670,6800,113151
2023-08-11,40,5630,5850,6490,11440,80,50,12500,1986670,6800,113151
2023-08-14,30,5430,5670,6510,11515,60,20,12550,1986670,6800,113151
2023-08-15,30,5600,5840,6550,11620,60,20,12550,1986670,6800,113151
2023-08-16,60,5680,5940,6620,11700,70,20,12550,1986670,6800,113151
2023-08-17,30,5610,6010,6480,11650,70,30,12550,1986670,6800,113151
2023-08-18,30,5630,5890,6580,11685,50,20,12600,1986670,6800,113151
2023-08-21,30,5650,5900,6600,11635,50,20,12750,1986670,6800,113151
2023-08-22,30,5660,5970,6660,11680,40,20,12750,1986670,6800,113151
2023-08-23,40,5710,5980,6660,11565,60,20,12750,1986670,6800,113151
2023-08-24,40,5770,6080,6810,11760,50,20,12800,1986670,6800,113151
2023-08-25,40,5770,6070,6800,11765,50,20,12800,1986670,6800,113151
2023-08-28,40,5810,6210,6940,11955,60,30,12850,1986670,6800,113151
2023-08-29,40,5810,6190,6950,11955,70,30,12950,1986670,6800,113151
2023-08-30,40,5810,6080,6970,12030,60,30,13050,1986670,6800,113151
2023-08-31,40,5810,6190,7010,12080,50,30,13050,1986670,6800,113151
2023-09-01,20,5890,6190,7050,12085,60,20,13050,1986670,6800,113151
2023-09-04,20,5930,6260,7120,12160,40,20,13400,1986670,6800,113151
2023-09-05,20,5960,6290,7130,12155,60,10,13600,1986670,6800,113151
2023-09-06,20,6060,6370,7200,12245,40,10,13650,1986670,6800,113151
2023-09-07,20,6090,6510,7290,12385,50,20,13700,1986670,6800,113151
2023-09-08,20,6090,6410,7260,12445,50,10,13750,1986670,6800,113151
2023-09-11,30,6340,6530,7470,12630,110,20,13750,1986670,6800,113151
2023-09-12,40,6560,6690,7700,12715,70,20,13800,1986670,6800,113151
2023-09-13,30,6440,6650,7630,12715,50,20,13800,1986670,6800,113151
2023-09-14,40,6440,6630,7510,12715,50,10,13800,1986670,6800,113151
2023-09-15,40,6580,6710,7590,12790,40,20,13800,1986670,6800,113151
2023-09-18,40,6510,6690,7540,12735,50,10,13850,1986670,6800,113151
2023-09-19,40,6460,6700,7650,12785,60,10,13850,1986670,6800,113151
2023-09-20,40,6530,6730,7760,12825,70,10,13900,1986670,6800,113151
2023-09-21,40,6460,6760,7730,12860,60,10,13900,1986670,6800,113151
2023-09-22,40,6460,6750,7680,12885,60,20,13900,1986670,6800,113151
2023-09-25,40,6700,6810,7720,12960,70,10,13900,1986670,6800,113151
2023-09-26,40,6620,6810,7710,12935,80,10,13900,1986670,6800,113151
2023-09-27,40,6640,6800,7800,13000,70,10,13900,1986670,6800,113151
2023-09-28,30,6440,6840,7780,13010,80,20,13900,1986670,6800,113151
2023-09-29,30,6260,6710,7720,13045,110,20,13900,1986670,6800,113151
2023-10-02,30,6410,6830,7790,13010,60,10,13900,1986670,6800,113151
2023-10-03,30,6460,6860,7790,13020,70,20,13900,1986670,6800,113151
2023-10-04,10,6490,6850,7810,13010,80,20,13900,1986670,6800,113151
2023-10-05,30,6410,6840,7780,13025,80,20,13900,1986670,6800,113151
2023-10-06,40,6510,6900,7770,13020,70,10,13950,1986670,6800,113151
2023-10-09,10,6540,6870,7760,13015,40,10,13900,1986670,6800,113151
2023-10-10,10,6510,6900,7790,13050,70,10,13900,1986670,6800,113151
2023-10-11,40,6510,6910,7820,13060,80,20,13950,1986670,6800,113151
2023-10-12,10,6540,6930,7830,13055,80,20,13950,1986670,6800,113151
2023-10-13,10,6540,6790,7850,13060,70,20,13950,1986670,6800,113151
2023-10-16,20,6560,6840,7860,13075,80,20,13950,1986670,6800,113151
2023-10-17,30,6690,6890,7880,12970,90,20,13950,1986670,6800,113151
2023-10-18,40,6540,6850,7880,13065,90,20,13950,1986670,6800,113151
2023-10-19,10,6560,6900,7880,13095,80,20,13950,1986670,6800,113151
2023-10-20,40,6540,6850,7850,13050,90,20,13950,1986670,6800,113151
2023-10-23,40,6510,6900,7860,13055,70,20,13950,1986670,6800,113151
2023-10-24,20,6530,6930,7860,13055,70,20,13950,1986670,6800,113151
2023-10-25,20,6560,6950,7870,12950,100,20,13950,1986670,6800,113151
2023-10-26,10,6530,6920,7750,13090,90,20,13950,1986670,6800,113151
2023-10-27,30,6550,6960,7830,13045,70,20,13950,1986670,6800,113151
2023-10-30,10,6510,6920,7830,13050,60,10,13950,1986670,6800,113151
2023-10-31,10,6540,6910,7810,13025,80,20,13950,1986670,6800,113151
2023-11-01,10,6560,6880,7810,13045,70,20,13950,1986670,6800,113151
2023-11-02,10,6560,6880,7840,13020,50,10,13950,1986670,6800,113151
2023-11-03,30,6560,6900,7810,12995,60,20,13950,1986670,6800,113151
2023-11-06,30,6590,6880,7810,12995,50,10,13950,1986670,6800,113151
2023-11-07,30,6660,6840,7870,12990,40,20,13950,1986670,6800,113151
2023-11-08,10,6590,6880,7770,12895,50,30,13950,1986670,6800,113151
2023-11-09,10,6690,6920,7800,12880,120,30,13950,1986670,6800,113151
2023-11-10,30,6690,6940,7800,12905,130,30,13950,1986670,6800,113151
2023-11-13,10,6670,7060,7880,12945,100,40,13950,1986670,6800,113151
2023-11-14,30,6720,6930,7830,12955,130,30,13950,1986670,6800,113151
2023-11-15,10,6720,6930,7810,13000,140,40,13950,1986670,6800,113151
2023-11-16,10,6690,6790,7800,12930,110,40,13950,1986670,6800,113151
2023-11-17,30,6690,6920,7820,12955,110,40,13900,1986670,6800,113151
2023-11-20,30,6670,6900,7810,12935,120,30,13900,1986670,6800,113151
2023-11-21,30,6890,7160,7670,12825,150,50,13900,1986670,6800,113151
2023-11-22,30,6530,6770,7840,12950,130,40,13900,1986670,6800,113151
2023-11-23,10,6570,6930,7850,13065,160,40,13900,1986670,6800,113151
2023-11-24,20,6610,6970,7850,13050,100,70,13950,1986670,6800,113151
2023-11-27,20,6400,6900,7860,13110,140,40,13950,1986670,6800,113151
2023-11-28,30,6570,6900,7860,13105,90,60,13950,1986670,6800,113151
2023-11-29,30,6530,6880,7850,13105,120,40,13950,1986670,6800,113151
2023-11-30,20,6570,6910,7910,13060,140,40,13950,1986670,6800,113151
2023-12-01,20,6530,6880,7900,13075,120,40,13950,1986670,6800,113151
2023-12-04,30,6530,6890,7850,13130,90,40,13950,1986670,6800,113151
2023-12-05,30,6530,6990,8030,13165,140,30,13950,1986670,6800,113151
2023-12-06,30,6530,6830,7930,13095,150,30,13950,1986670,6800,113151
2023-12-07,20,6790,6820,7910,12945,240,30,13950,1986670,6800,113151
2023-12-08,20,6860,7020,7970,13095,140,30,13950,1986670,6800,113151
2023-12-11,20,6720,6840,7980,13135,130,30,14000,1986670,6800,113151
2023-12-12,20,6740,6860,7980,13140,150,30,14000,1986670,6800,113151
2023-12-13,20,6720,6840,7990,13140,140,50,14000,1986670,6800,113151
2023-12-14,20,6840,6790,8060,13080,100,30,14000,1986670,6800,113151
2023-12-15,20,6720,6840,7970,13140,140,40,14000,1986670,6800,113151
2023-12-18,20,6740,6840,7970,13100,130,40,14000,1986670,6800,113151
2023-12-19,20,6770,6870,7970,13105,130,50,14000,1986670,6800,113151
2023-12-20,20,6790,6870,7970,13110,150,40,14000,1986670,6800,113151
2023-12-21,30,6770,6850,7980,13100,120,30,14000,1986670,6800,113151
2023-12-22,30,6600,6760,8050,13095,120,30,14000,1986670,6800,113151
2023-12-27,30,6620,6760,8030,13120,110,30,14000,1986670,6800,113151
2023-12-28,30,6650,6760,8020,13120,110,30,14000,1986670,6800,113151
2023-12-29,30,6730,6820,8100,13150,100,30,14000,1986670,6800,113151
2024-01-01,20,6520,6800,8050,13185,130,30,14000,2057495,6800,113151
2024-01-02,20,6520,6820,8070,13265,200,60,14000,2057495,6800,113151
2024-01-03,30,6510,6820,8000,13050,420,200,14000,2057495,6800,113151
2024-01-04,30,6600,7120,8160,13165,520,130,14000,2057495,6800,113151
2024-01-05,30,6600,7070,8190,13130,480,190,14050,2057495,6800,113151
2024-01-08,30,6920,7210,8130,13260,290,250,14050,2057495,6800,113151
2024-01-09,30,6870,7210,8160,13235,280,100,14050,2057495,6800,113151
2024-01-10,30,6760,7070,8150,13295,280,130,14050,2057495,6800,113151
2024-01-11,30,6920,7220,8170,13270,400,160,14100,2057495,6800,113151
2024-01-12,30,6940,7250,8180,13275,400,140,14100,2057495,6800,113151
2024-01-15,20,6980,7300,8180,13255,420,140,14150,2057495,6800,113151
2024-01-16,20,7110,7390,8280,13330,350,140,14250,2057495,6800,113151
2024-01-17,30,6920,7200,8220,13365,320,270,14300,2057495,6800,113151
2024-01-18,30,6960,7260,8240,13420,220,160,14300,2057495,6800,113151
2024-01-19,20,6700,7020,8240,13385,150,60,14300,2057495,6800,113151
2024-01-22,30,6960,7260,8330,13550,400,140,14300,2057495,6800,113151
2024-01-23,30,7000,7300,8480,13525,300,80,14450,2057495,6800,113151
2024-01-24,30,6970,7280,8470,13545,250,50,14500,2057495,6800,113151
2024-01-25,30,7120,7340,8460,13495,270,110,14550,2057495,6800,113151
2024-01-26,30,6970,7310,8460,13555,140,40,14550,2057495,6800,113151
2024-01-29,30,7050,7370,8570,13585,310,90,14550,2057495,6800,113151
2024-01-30,30,7050,7370,8560,13715,340,80,14650,2057495,6800,113151
2024-01-31,30,6940,7380,8560,13695,260,60,14750,2057495,6800,113151
2024-02-01,30,7050,7340,8630,13895,260,70,14750,2057495,6800,113151
2024-02-02,30,7000,7350,8640,13915,280,70,14800,2057495,6800,113151
2024-02-05,20,7090,7450,8650,13940,210,80,15150,2057495,6800,113151
2024-02-06,20,7250,7670,8720,14170,240,90,15250,2057495,6800,113151
2024-02-07,20,7250,7680,8700,14300,360,80,15250,2057495,6800,113151
2024-02-08,10,7250,7680,8740,14350,230,90,15250,2057495,6800,113151
2024-02-09,0,7250,7730,8720,14115,130,40,15300,2057495,6800,113151
2024-02-12,20,7210,7660,8880,14715,200,70,15450,2057495,6800,113151
2024-02-13,10,7260,7660,9050,15365,130,70,15500,2057495,6800,113151
2024-02-14,10,7240,7810,9040,15290,170,90,15850,2057495,6800,113151
2024-02-15,10,7300,7720,9070,15410,150,50,15550,2057495,6800,113151
2024-02-16,10,7270,7790,9150,15425,140,60,15600,2057495,6800,113151
2024-02-19,10,7320,7790,9300,15465,140,60,15650,2057495,6800,113151
2024-02-20,10,7140,7600,9200,15480,150,60,15700,2057495,6800,113151
2024-02-21,10,7310,7800,9290,15465,140,50,15700,2057495,6800,113151
2024-02-22,10,7110,7720,9260,15465,80,70,15750,2057495,6800,113151
2024-02-23,10,7130,7640,9250,15395,120,60,15800,2057495,6800,113151
2024-02-26,10,7120,7590,9210,15400,70,70,15850,2057495,6800,113151
2024-02-27,10,7130,7610,9130,15365,80,80,15850,2057495,6800,113151
2024-02-28,20,7110,7680,9020,15430,120,240,15850,2057495,6800,113151
2024-02-29,10,7200,7700,9130,15350,90,40,15850,2057495,6800,113151
2024-03-01,10,7200,7530,9010,15405,90,60,15850,2057495,6800,113151
2024-03-04,0,7290,7560,8960,15355,90,50,15800,2057495,6800,113151
2024-03-05,10,7220,7560,8820,15285,120,80,15800,2057495,6800,113151
2024-03-06,10,7030,7430,8650,15150,80,100,15800,2057495,6800,113151
2024-03-07,10,6940,7330,8500,14960,80,110,15800,2057495,6800,113151
2024-03-08,10,6930,7300,8490,14985,150,90,15800,2057495,6800,113151
2024-03-11,10,6760,7140,8330,14910,120,80,15800,2057495,6800,113151
2024-03-12,10,6530,6930,8260,14810,120,80,15800,2057495,6800,113151
2024-03-13,10,6480,6920,8240,14750,100,60,15750,2057495,6800,113151
2024-03-14,10,6510,7060,8240,14780,150,70,15750,2057495,6800,113151
2024-03-15,10,6480,6930,8190,14795,150,80,15750,2057495,6800,113151
